<?xml version="1.0" encoding="UTF-8"?>
<!DOCTYPE mapper PUBLIC "-//mybatis.org//DTD Mapper 3.0//EN" "http://mybatis.org/dtd/mybatis-3-mapper.dtd">

<mapper namespace="bus">

	<select id="selectBusList" parameterType="hashmap"
		resultType="hashmap">
             select * from bus 
            <if test="service ==null">
    			where service = '1'
  			</if>

	</select>
		
	<select id="selectBusOne" parameterType="hashmap"
		resultType="hashmap">        
            <![CDATA[
            select * from bus where busidx =#{busidx}
            ]]>   
	</select>
	
	<insert id="insertBus" parameterType="hashmap">
		<![CDATA[
		insert into bus values (seq_busidx.nextval,#{NUM},#{PLATENUM},#{BUSTYPE},#{BUSENERGY},'0','37','127','0','0',#{YEAR},'0','0','0',SYSDATE)
		]]>
	</insert>
	<update id="updateBus" parameterType="hashmap">
		update bus set	DRIVERIDX=#{driveridx},SERVICE = #{service} where BUSIDX=#{busidx}			
	</update>
</mapper>