<?xml version="1.0" encoding="UTF-8"?>
<!DOCTYPE log4j:configuration PUBLIC "-//APACHE//DTD LOG4J 1.2//EN" "log4j.dtd">
<log4j:configuration
   xmlns:log4j="http://jakarta.apache.org/log4j/">

   <!-- Appenders -->
   <appender name="console"
      class="org.apache.log4j.ConsoleAppender">
      <param name="Target" value="System.out" />
      <layout class="org.apache.log4j.PatternLayout">
         <param name="ConversionPattern" value="%-5p: %c - %m%n" />
      </layout>
   </appender>

   <appender name="console-infolog"
      class="org.apache.log4j.ConsoleAppender">
      <param name="Target" value="System.out" />
      <layout class="org.apache.log4j.PatternLayout">
         <param name="ConversionPattern" value="%-5p: %c - %m%n" />
      </layout>
   </appender>
  
  
	  <!-- BUSIDX5-->
    <appender name="rollingFile5" class="org.apache.log4j.DailyRollingFileAppender">
        <!-- 날짜별로  로그를 남김. 파일명.확장자.DatePattern으로 정의 함-->  
        <param name="File" value="/LOG/busInformation_idx5.log"/>
        <param name="Append" value="true"/>
        <param name="DatePattern" value="'.'yyyy-MM-dd-HH"/> 
        <layout class="org.apache.log4j.PatternLayout">
            <param name="ConversionPattern" value="%d{yyyy-MM-dd HH:mm:ss}, %m%n" />
        </layout>   
    </appender>

   
   
        <!-- BUSIDX4-->
    <appender name="rollingFile4" class="org.apache.log4j.DailyRollingFileAppender">
        <param name="File" value="/LOG/busInformation_idx4.log"/>
        <param name="Append" value="true"/>
        <param name="DatePattern" value="'.'yyyy-MM-dd-HH"/> 
        <layout class="org.apache.log4j.PatternLayout">
            <param name="ConversionPattern" value="%d{yyyy-MM-dd HH:mm:ss}, %m%n" />
        </layout>   
    </appender>
        <logger name="rolling5"  additivity="false">
      <level value="debug" />
       <appender-ref ref="rollingFile5" />
   </logger>
    <logger name="rolling4"  additivity="false">
      <level value="debug" />
       <appender-ref ref="rollingFile4" />
   </logger>

   
  
  
  
  
  
  
   <!-- Application Loggers -->
   <logger name="second" additivity="false">
      <level value="debug" />
      <appender-ref ref="console" />
   </logger>
   
 

    
   <!-- 3rdparty Loggers -->
   <logger name="org.springframework.core">
      <level value="info" />
   </logger>

   <logger name="org.springframework.beans">
      <level value="info" />
   </logger>

   <logger name="org.springframework.context">
      <level value="info" />
   </logger>

   <logger name="org.springframework.web">
      <level value="info" />
   </logger>

   <!-- Query Loggers -->
   <logger name="jdbc.sqlonly" additivity="false">
      <level value="info" />
      <appender-ref ref="console-infolog" />
   </logger>
   <logger name="jdbc.resultsettable" additivity="false">
      <level value="info" />
      <appender-ref ref="console" />
   </logger>

   <!-- Root Logger -->
   <root>
      <priority value="warn" />
      <appender-ref ref="console" />
   </root>

</log4j:configuration>